country,country_name,priority,state,note,reviewed_at
AGO,Angola,adoption,estimate_only,National business-adoption and usage-frequency measures remain uncollected. Pooled employee survey is not allocated to countries.,2026-10-01
AGO,Angola,outcomes,not_yet_researched,"Comparable country-level wages, hires and causal net employment outcomes have not been established in this collection round.",
AGO,Angola,costs,price_evidence_available,ITU 2025 baskets checked. Current local device retail prices and verified payment checkout conditions remain uncollected.,2026-10-01
AGO,Angola,compute,not_yet_researched,"This is a starter sample, not a facility census. GPU counts, current rental quotes and latency measurements remain gaps.",
BDI,Burundi,adoption,estimate_only,National business-adoption and usage-frequency measures remain uncollected. Pooled employee survey is not allocated to countries.,2026-10-01
BDI,Burundi,outcomes,not_yet_researched,"Comparable country-level wages, hires and causal net employment outcomes have not been established in this collection round.",
BDI,Burundi,costs,price_evidence_available,ITU 2025 baskets checked. Current local device retail prices and verified payment checkout conditions remain uncollected.,2026-10-01
BDI,Burundi,compute,not_yet_researched,"This is a starter sample, not a facility census. GPU counts, current rental quotes and latency measurements remain gaps.",
BEN,Benin,adoption,estimate_only,National business-adoption and usage-frequency measures remain uncollected. Pooled employee survey is not allocated to countries.,2026-10-01
BEN,Benin,outcomes,not_yet_researched,"Comparable country-level wages, hires and causal net employment outcomes have not been established in this collection round.",
BEN,Benin,costs,price_evidence_available,ITU 2025 baskets checked. Current local device retail prices and verified payment checkout conditions remain uncollected.,2026-10-01
BEN,Benin,compute,not_yet_researched,"This is a starter sample, not a facility census. GPU counts, current rental quotes and latency measurements remain gaps.",
BFA,Burkina Faso,adoption,estimate_only,National business-adoption and usage-frequency measures remain uncollected. Pooled employee survey is not allocated to countries.,2026-10-01
BFA,Burkina Faso,outcomes,not_yet_researched,"Comparable country-level wages, hires and causal net employment outcomes have not been established in this collection round.",
BFA,Burkina Faso,costs,price_evidence_available,ITU 2025 baskets checked. Current local device retail prices and verified payment checkout conditions remain uncollected.,2026-10-01
BFA,Burkina Faso,compute,not_yet_researched,"This is a starter sample, not a facility census. GPU counts, current rental quotes and latency measurements remain gaps.",
BWA,Botswana,adoption,estimate_only,National business-adoption and usage-frequency measures remain uncollected. Pooled employee survey is not allocated to countries.,2026-10-01
BWA,Botswana,outcomes,not_yet_researched,"Comparable country-level wages, hires and causal net employment outcomes have not been established in this collection round.",
BWA,Botswana,costs,price_evidence_available,ITU 2025 baskets checked. Current local device retail prices and verified payment checkout conditions remain uncollected.,2026-10-01
BWA,Botswana,compute,not_yet_researched,"This is a starter sample, not a facility census. GPU counts, current rental quotes and latency measurements remain gaps.",
CAF,Central African Republic,adoption,estimate_only,National business-adoption and usage-frequency measures remain uncollected. Pooled employee survey is not allocated to countries.,2026-10-01
CAF,Central African Republic,outcomes,not_yet_researched,"Comparable country-level wages, hires and causal net employment outcomes have not been established in this collection round.",
CAF,Central African Republic,costs,price_evidence_available,ITU 2025 baskets checked. Current local device retail prices and verified payment checkout conditions remain uncollected.,2026-10-01
CAF,Central African Republic,compute,not_yet_researched,"This is a starter sample, not a facility census. GPU counts, current rental quotes and latency measurements remain gaps.",
CIV,Côte d'Ivoire,adoption,estimate_only,National business-adoption and usage-frequency measures remain uncollected. Pooled employee survey is not allocated to countries.,2026-10-01
CIV,Côte d'Ivoire,outcomes,not_yet_researched,"Comparable country-level wages, hires and causal net employment outcomes have not been established in this collection round.",
CIV,Côte d'Ivoire,costs,price_evidence_available,ITU 2025 baskets checked. Current local device retail prices and verified payment checkout conditions remain uncollected.,2026-10-01
CIV,Côte d'Ivoire,compute,not_yet_researched,"This is a starter sample, not a facility census. GPU counts, current rental quotes and latency measurements remain gaps.",
CMR,Cameroon,adoption,estimate_only,National business-adoption and usage-frequency measures remain uncollected. Pooled employee survey is not allocated to countries.,2026-10-01
CMR,Cameroon,outcomes,not_yet_researched,"Comparable country-level wages, hires and causal net employment outcomes have not been established in this collection round.",
CMR,Cameroon,costs,price_evidence_available,ITU 2025 baskets checked. Current local device retail prices and verified payment checkout conditions remain uncollected.,2026-10-01
CMR,Cameroon,compute,not_yet_researched,"This is a starter sample, not a facility census. GPU counts, current rental quotes and latency measurements remain gaps.",
COD,Democratic Republic of the Congo,adoption,estimate_only,National business-adoption and usage-frequency measures remain uncollected. Pooled employee survey is not allocated to countries.,2026-10-01
COD,Democratic Republic of the Congo,outcomes,not_yet_researched,"Comparable country-level wages, hires and causal net employment outcomes have not been established in this collection round.",
COD,Democratic Republic of the Congo,costs,price_evidence_available,ITU 2025 baskets checked. Current local device retail prices and verified payment checkout conditions remain uncollected.,2026-10-01
COD,Democratic Republic of the Congo,compute,not_yet_researched,"This is a starter sample, not a facility census. GPU counts, current rental quotes and latency measurements remain gaps.",
COG,Republic of the Congo,adoption,estimate_only,National business-adoption and usage-frequency measures remain uncollected. Pooled employee survey is not allocated to countries.,2026-10-01
COG,Republic of the Congo,outcomes,not_yet_researched,"Comparable country-level wages, hires and causal net employment outcomes have not been established in this collection round.",
COG,Republic of the Congo,costs,price_evidence_available,ITU 2025 baskets checked. Current local device retail prices and verified payment checkout conditions remain uncollected.,2026-10-01
COG,Republic of the Congo,compute,not_yet_researched,"This is a starter sample, not a facility census. GPU counts, current rental quotes and latency measurements remain gaps.",
COM,Comoros,adoption,no_information_in_reviewed_sources,National business-adoption and usage-frequency measures remain uncollected. Pooled employee survey is not allocated to countries.,2026-10-01
COM,Comoros,outcomes,not_yet_researched,"Comparable country-level wages, hires and causal net employment outcomes have not been established in this collection round.",
COM,Comoros,costs,price_evidence_available,ITU 2025 baskets checked. Current local device retail prices and verified payment checkout conditions remain uncollected.,2026-10-01
COM,Comoros,compute,not_yet_researched,"This is a starter sample, not a facility census. GPU counts, current rental quotes and latency measurements remain gaps.",
CPV,Cabo Verde,adoption,no_information_in_reviewed_sources,National business-adoption and usage-frequency measures remain uncollected. Pooled employee survey is not allocated to countries.,2026-10-01
CPV,Cabo Verde,outcomes,not_yet_researched,"Comparable country-level wages, hires and causal net employment outcomes have not been established in this collection round.",
CPV,Cabo Verde,costs,price_evidence_available,ITU 2025 baskets checked. Current local device retail prices and verified payment checkout conditions remain uncollected.,2026-10-01
CPV,Cabo Verde,compute,not_yet_researched,"This is a starter sample, not a facility census. GPU counts, current rental quotes and latency measurements remain gaps.",
DJI,Djibouti,adoption,no_information_in_reviewed_sources,National business-adoption and usage-frequency measures remain uncollected. Pooled employee survey is not allocated to countries.,2026-10-01
DJI,Djibouti,outcomes,not_yet_researched,"Comparable country-level wages, hires and causal net employment outcomes have not been established in this collection round.",
DJI,Djibouti,costs,price_evidence_available,ITU 2025 baskets checked. Current local device retail prices and verified payment checkout conditions remain uncollected.,2026-10-01
DJI,Djibouti,compute,not_yet_researched,"This is a starter sample, not a facility census. GPU counts, current rental quotes and latency measurements remain gaps.",
DZA,Algeria,adoption,estimate_only,National business-adoption and usage-frequency measures remain uncollected. Pooled employee survey is not allocated to countries.,2026-10-01
DZA,Algeria,outcomes,not_yet_researched,"Comparable country-level wages, hires and causal net employment outcomes have not been established in this collection round.",
DZA,Algeria,costs,price_evidence_available,ITU 2025 baskets checked. Current local device retail prices and verified payment checkout conditions remain uncollected.,2026-10-01
DZA,Algeria,compute,not_yet_researched,"This is a starter sample, not a facility census. GPU counts, current rental quotes and latency measurements remain gaps.",
EGY,Egypt,adoption,estimate_only,National business-adoption and usage-frequency measures remain uncollected. Pooled employee survey is not allocated to countries.,2026-10-01
EGY,Egypt,outcomes,not_yet_researched,"Comparable country-level wages, hires and causal net employment outcomes have not been established in this collection round.",
EGY,Egypt,costs,price_evidence_available,ITU 2025 baskets checked. Current local device retail prices and verified payment checkout conditions remain uncollected.,2026-10-01
EGY,Egypt,compute,not_yet_researched,"This is a starter sample, not a facility census. GPU counts, current rental quotes and latency measurements remain gaps.",
ERI,Eritrea,adoption,estimate_only,National business-adoption and usage-frequency measures remain uncollected. Pooled employee survey is not allocated to countries.,2026-10-01
ERI,Eritrea,outcomes,not_yet_researched,"Comparable country-level wages, hires and causal net employment outcomes have not been established in this collection round.",
ERI,Eritrea,costs,no_information_in_reviewed_sources,ITU 2025 baskets checked. Current local device retail prices and verified payment checkout conditions remain uncollected.,2026-10-01
ERI,Eritrea,compute,not_yet_researched,"This is a starter sample, not a facility census. GPU counts, current rental quotes and latency measurements remain gaps.",
ETH,Ethiopia,adoption,estimate_only,National business-adoption and usage-frequency measures remain uncollected. Pooled employee survey is not allocated to countries.,2026-10-01
ETH,Ethiopia,outcomes,not_yet_researched,"Comparable country-level wages, hires and causal net employment outcomes have not been established in this collection round.",
ETH,Ethiopia,costs,price_evidence_available,ITU 2025 baskets checked. Current local device retail prices and verified payment checkout conditions remain uncollected.,2026-10-01
ETH,Ethiopia,compute,not_yet_researched,"This is a starter sample, not a facility census. GPU counts, current rental quotes and latency measurements remain gaps.",
GAB,Gabon,adoption,estimate_only,National business-adoption and usage-frequency measures remain uncollected. Pooled employee survey is not allocated to countries.,2026-10-01
GAB,Gabon,outcomes,not_yet_researched,"Comparable country-level wages, hires and causal net employment outcomes have not been established in this collection round.",
GAB,Gabon,costs,price_evidence_available,ITU 2025 baskets checked. Current local device retail prices and verified payment checkout conditions remain uncollected.,2026-10-01
GAB,Gabon,compute,not_yet_researched,"This is a starter sample, not a facility census. GPU counts, current rental quotes and latency measurements remain gaps.",
GHA,Ghana,adoption,estimate_only,National business-adoption and usage-frequency measures remain uncollected. Pooled employee survey is not allocated to countries.,2026-10-01
GHA,Ghana,outcomes,not_yet_researched,"Comparable country-level wages, hires and causal net employment outcomes have not been established in this collection round.",
GHA,Ghana,costs,price_evidence_available,ITU 2025 baskets checked. Current local device retail prices and verified payment checkout conditions remain uncollected.,2026-10-01
GHA,Ghana,compute,not_yet_researched,"This is a starter sample, not a facility census. GPU counts, current rental quotes and latency measurements remain gaps.",
GIN,Guinea,adoption,estimate_only,National business-adoption and usage-frequency measures remain uncollected. Pooled employee survey is not allocated to countries.,2026-10-01
GIN,Guinea,outcomes,not_yet_researched,"Comparable country-level wages, hires and causal net employment outcomes have not been established in this collection round.",
GIN,Guinea,costs,price_evidence_available,ITU 2025 baskets checked. Current local device retail prices and verified payment checkout conditions remain uncollected.,2026-10-01
GIN,Guinea,compute,not_yet_researched,"This is a starter sample, not a facility census. GPU counts, current rental quotes and latency measurements remain gaps.",
GMB,Gambia,adoption,estimate_only,National business-adoption and usage-frequency measures remain uncollected. Pooled employee survey is not allocated to countries.,2026-10-01
GMB,Gambia,outcomes,not_yet_researched,"Comparable country-level wages, hires and causal net employment outcomes have not been established in this collection round.",
GMB,Gambia,costs,price_evidence_available,ITU 2025 baskets checked. Current local device retail prices and verified payment checkout conditions remain uncollected.,2026-10-01
GMB,Gambia,compute,not_yet_researched,"This is a starter sample, not a facility census. GPU counts, current rental quotes and latency measurements remain gaps.",
GNB,Guinea-Bissau,adoption,estimate_only,National business-adoption and usage-frequency measures remain uncollected. Pooled employee survey is not allocated to countries.,2026-10-01
GNB,Guinea-Bissau,outcomes,not_yet_researched,"Comparable country-level wages, hires and causal net employment outcomes have not been established in this collection round.",
GNB,Guinea-Bissau,costs,price_evidence_available,ITU 2025 baskets checked. Current local device retail prices and verified payment checkout conditions remain uncollected.,2026-10-01
GNB,Guinea-Bissau,compute,not_yet_researched,"This is a starter sample, not a facility census. GPU counts, current rental quotes and latency measurements remain gaps.",
GNQ,Equatorial Guinea,adoption,no_information_in_reviewed_sources,National business-adoption and usage-frequency measures remain uncollected. Pooled employee survey is not allocated to countries.,2026-10-01
GNQ,Equatorial Guinea,outcomes,not_yet_researched,"Comparable country-level wages, hires and causal net employment outcomes have not been established in this collection round.",
GNQ,Equatorial Guinea,costs,no_information_in_reviewed_sources,ITU 2025 baskets checked. Current local device retail prices and verified payment checkout conditions remain uncollected.,2026-10-01
GNQ,Equatorial Guinea,compute,not_yet_researched,"This is a starter sample, not a facility census. GPU counts, current rental quotes and latency measurements remain gaps.",
KEN,Kenya,adoption,estimate_only,National business-adoption and usage-frequency measures remain uncollected. Pooled employee survey is not allocated to countries.,2026-10-01
KEN,Kenya,outcomes,related_study_only,"Comparable country-level wages, hires and causal net employment outcomes have not been established in this collection round.",2026-10-01
KEN,Kenya,costs,price_evidence_available,ITU 2025 baskets checked. Current local device retail prices and verified payment checkout conditions remain uncollected.,2026-10-01
KEN,Kenya,compute,not_yet_researched,"This is a starter sample, not a facility census. GPU counts, current rental quotes and latency measurements remain gaps.",
LBR,Liberia,adoption,estimate_only,National business-adoption and usage-frequency measures remain uncollected. Pooled employee survey is not allocated to countries.,2026-10-01
LBR,Liberia,outcomes,not_yet_researched,"Comparable country-level wages, hires and causal net employment outcomes have not been established in this collection round.",
LBR,Liberia,costs,price_evidence_available,ITU 2025 baskets checked. Current local device retail prices and verified payment checkout conditions remain uncollected.,2026-10-01
LBR,Liberia,compute,not_yet_researched,"This is a starter sample, not a facility census. GPU counts, current rental quotes and latency measurements remain gaps.",
LBY,Libya,adoption,estimate_only,National business-adoption and usage-frequency measures remain uncollected. Pooled employee survey is not allocated to countries.,2026-10-01
LBY,Libya,outcomes,not_yet_researched,"Comparable country-level wages, hires and causal net employment outcomes have not been established in this collection round.",
LBY,Libya,costs,price_evidence_available,ITU 2025 baskets checked. Current local device retail prices and verified payment checkout conditions remain uncollected.,2026-10-01
LBY,Libya,compute,not_yet_researched,"This is a starter sample, not a facility census. GPU counts, current rental quotes and latency measurements remain gaps.",
LSO,Lesotho,adoption,estimate_only,National business-adoption and usage-frequency measures remain uncollected. Pooled employee survey is not allocated to countries.,2026-10-01
LSO,Lesotho,outcomes,not_yet_researched,"Comparable country-level wages, hires and causal net employment outcomes have not been established in this collection round.",
LSO,Lesotho,costs,price_evidence_available,ITU 2025 baskets checked. Current local device retail prices and verified payment checkout conditions remain uncollected.,2026-10-01
LSO,Lesotho,compute,not_yet_researched,"This is a starter sample, not a facility census. GPU counts, current rental quotes and latency measurements remain gaps.",
MAR,Morocco,adoption,estimate_only,National business-adoption and usage-frequency measures remain uncollected. Pooled employee survey is not allocated to countries.,2026-10-01
MAR,Morocco,outcomes,not_yet_researched,"Comparable country-level wages, hires and causal net employment outcomes have not been established in this collection round.",
MAR,Morocco,costs,price_evidence_available,ITU 2025 baskets checked. Current local device retail prices and verified payment checkout conditions remain uncollected.,2026-10-01
MAR,Morocco,compute,not_yet_researched,"This is a starter sample, not a facility census. GPU counts, current rental quotes and latency measurements remain gaps.",
MDG,Madagascar,adoption,estimate_only,National business-adoption and usage-frequency measures remain uncollected. Pooled employee survey is not allocated to countries.,2026-10-01
MDG,Madagascar,outcomes,not_yet_researched,"Comparable country-level wages, hires and causal net employment outcomes have not been established in this collection round.",
MDG,Madagascar,costs,price_evidence_available,ITU 2025 baskets checked. Current local device retail prices and verified payment checkout conditions remain uncollected.,2026-10-01
MDG,Madagascar,compute,not_yet_researched,"This is a starter sample, not a facility census. GPU counts, current rental quotes and latency measurements remain gaps.",
MLI,Mali,adoption,estimate_only,National business-adoption and usage-frequency measures remain uncollected. Pooled employee survey is not allocated to countries.,2026-10-01
MLI,Mali,outcomes,not_yet_researched,"Comparable country-level wages, hires and causal net employment outcomes have not been established in this collection round.",
MLI,Mali,costs,price_evidence_available,ITU 2025 baskets checked. Current local device retail prices and verified payment checkout conditions remain uncollected.,2026-10-01
MLI,Mali,compute,not_yet_researched,"This is a starter sample, not a facility census. GPU counts, current rental quotes and latency measurements remain gaps.",
MOZ,Mozambique,adoption,estimate_only,National business-adoption and usage-frequency measures remain uncollected. Pooled employee survey is not allocated to countries.,2026-10-01
MOZ,Mozambique,outcomes,not_yet_researched,"Comparable country-level wages, hires and causal net employment outcomes have not been established in this collection round.",
MOZ,Mozambique,costs,price_evidence_available,ITU 2025 baskets checked. Current local device retail prices and verified payment checkout conditions remain uncollected.,2026-10-01
MOZ,Mozambique,compute,not_yet_researched,"This is a starter sample, not a facility census. GPU counts, current rental quotes and latency measurements remain gaps.",
MRT,Mauritania,adoption,estimate_only,National business-adoption and usage-frequency measures remain uncollected. Pooled employee survey is not allocated to countries.,2026-10-01
MRT,Mauritania,outcomes,not_yet_researched,"Comparable country-level wages, hires and causal net employment outcomes have not been established in this collection round.",
MRT,Mauritania,costs,price_evidence_available,ITU 2025 baskets checked. Current local device retail prices and verified payment checkout conditions remain uncollected.,2026-10-01
MRT,Mauritania,compute,not_yet_researched,"This is a starter sample, not a facility census. GPU counts, current rental quotes and latency measurements remain gaps.",
MUS,Mauritius,adoption,no_information_in_reviewed_sources,National business-adoption and usage-frequency measures remain uncollected. Pooled employee survey is not allocated to countries.,2026-10-01
MUS,Mauritius,outcomes,not_yet_researched,"Comparable country-level wages, hires and causal net employment outcomes have not been established in this collection round.",
MUS,Mauritius,costs,price_evidence_available,ITU 2025 baskets checked. Current local device retail prices and verified payment checkout conditions remain uncollected.,2026-10-01
MUS,Mauritius,compute,not_yet_researched,"This is a starter sample, not a facility census. GPU counts, current rental quotes and latency measurements remain gaps.",
MWI,Malawi,adoption,estimate_only,National business-adoption and usage-frequency measures remain uncollected. Pooled employee survey is not allocated to countries.,2026-10-01
MWI,Malawi,outcomes,not_yet_researched,"Comparable country-level wages, hires and causal net employment outcomes have not been established in this collection round.",
MWI,Malawi,costs,price_evidence_available,ITU 2025 baskets checked. Current local device retail prices and verified payment checkout conditions remain uncollected.,2026-10-01
MWI,Malawi,compute,not_yet_researched,"This is a starter sample, not a facility census. GPU counts, current rental quotes and latency measurements remain gaps.",
NAM,Namibia,adoption,estimate_only,National business-adoption and usage-frequency measures remain uncollected. Pooled employee survey is not allocated to countries.,2026-10-01
NAM,Namibia,outcomes,not_yet_researched,"Comparable country-level wages, hires and causal net employment outcomes have not been established in this collection round.",
NAM,Namibia,costs,price_evidence_available,ITU 2025 baskets checked. Current local device retail prices and verified payment checkout conditions remain uncollected.,2026-10-01
NAM,Namibia,compute,not_yet_researched,"This is a starter sample, not a facility census. GPU counts, current rental quotes and latency measurements remain gaps.",
NER,Niger,adoption,estimate_only,National business-adoption and usage-frequency measures remain uncollected. Pooled employee survey is not allocated to countries.,2026-10-01
NER,Niger,outcomes,not_yet_researched,"Comparable country-level wages, hires and causal net employment outcomes have not been established in this collection round.",
NER,Niger,costs,price_evidence_available,ITU 2025 baskets checked. Current local device retail prices and verified payment checkout conditions remain uncollected.,2026-10-01
NER,Niger,compute,not_yet_researched,"This is a starter sample, not a facility census. GPU counts, current rental quotes and latency measurements remain gaps.",
NGA,Nigeria,adoption,survey_available,National business-adoption and usage-frequency measures remain uncollected. Pooled employee survey is not allocated to countries.,2026-10-01
NGA,Nigeria,outcomes,not_yet_researched,"Comparable country-level wages, hires and causal net employment outcomes have not been established in this collection round.",
NGA,Nigeria,costs,price_evidence_available,ITU 2025 baskets checked. Current local device retail prices and verified payment checkout conditions remain uncollected.,2026-10-01
NGA,Nigeria,compute,not_yet_researched,"This is a starter sample, not a facility census. GPU counts, current rental quotes and latency measurements remain gaps.",
RWA,Rwanda,adoption,estimate_only,National business-adoption and usage-frequency measures remain uncollected. Pooled employee survey is not allocated to countries.,2026-10-01
RWA,Rwanda,outcomes,not_yet_researched,"Comparable country-level wages, hires and causal net employment outcomes have not been established in this collection round.",
RWA,Rwanda,costs,price_evidence_available,ITU 2025 baskets checked. Current local device retail prices and verified payment checkout conditions remain uncollected.,2026-10-01
RWA,Rwanda,compute,not_yet_researched,"This is a starter sample, not a facility census. GPU counts, current rental quotes and latency measurements remain gaps.",
SDN,Sudan,adoption,estimate_only,National business-adoption and usage-frequency measures remain uncollected. Pooled employee survey is not allocated to countries.,2026-10-01
SDN,Sudan,outcomes,not_yet_researched,"Comparable country-level wages, hires and causal net employment outcomes have not been established in this collection round.",
SDN,Sudan,costs,price_evidence_available,ITU 2025 baskets checked. Current local device retail prices and verified payment checkout conditions remain uncollected.,2026-10-01
SDN,Sudan,compute,not_yet_researched,"This is a starter sample, not a facility census. GPU counts, current rental quotes and latency measurements remain gaps.",
SEN,Senegal,adoption,estimate_only,National business-adoption and usage-frequency measures remain uncollected. Pooled employee survey is not allocated to countries.,2026-10-01
SEN,Senegal,outcomes,not_yet_researched,"Comparable country-level wages, hires and causal net employment outcomes have not been established in this collection round.",
SEN,Senegal,costs,price_evidence_available,ITU 2025 baskets checked. Current local device retail prices and verified payment checkout conditions remain uncollected.,2026-10-01
SEN,Senegal,compute,not_yet_researched,"This is a starter sample, not a facility census. GPU counts, current rental quotes and latency measurements remain gaps.",
SLE,Sierra Leone,adoption,estimate_only,National business-adoption and usage-frequency measures remain uncollected. Pooled employee survey is not allocated to countries.,2026-10-01
SLE,Sierra Leone,outcomes,not_yet_researched,"Comparable country-level wages, hires and causal net employment outcomes have not been established in this collection round.",
SLE,Sierra Leone,costs,price_evidence_available,ITU 2025 baskets checked. Current local device retail prices and verified payment checkout conditions remain uncollected.,2026-10-01
SLE,Sierra Leone,compute,not_yet_researched,"This is a starter sample, not a facility census. GPU counts, current rental quotes and latency measurements remain gaps.",
SOM,Somalia,adoption,estimate_only,National business-adoption and usage-frequency measures remain uncollected. Pooled employee survey is not allocated to countries.,2026-10-01
SOM,Somalia,outcomes,not_yet_researched,"Comparable country-level wages, hires and causal net employment outcomes have not been established in this collection round.",
SOM,Somalia,costs,price_evidence_available,ITU 2025 baskets checked. Current local device retail prices and verified payment checkout conditions remain uncollected.,2026-10-01
SOM,Somalia,compute,not_yet_researched,"This is a starter sample, not a facility census. GPU counts, current rental quotes and latency measurements remain gaps.",
SSD,South Sudan,adoption,estimate_only,National business-adoption and usage-frequency measures remain uncollected. Pooled employee survey is not allocated to countries.,2026-10-01
SSD,South Sudan,outcomes,not_yet_researched,"Comparable country-level wages, hires and causal net employment outcomes have not been established in this collection round.",
SSD,South Sudan,costs,price_evidence_available,ITU 2025 baskets checked. Current local device retail prices and verified payment checkout conditions remain uncollected.,2026-10-01
SSD,South Sudan,compute,not_yet_researched,"This is a starter sample, not a facility census. GPU counts, current rental quotes and latency measurements remain gaps.",
STP,São Tomé and Príncipe,adoption,no_information_in_reviewed_sources,National business-adoption and usage-frequency measures remain uncollected. Pooled employee survey is not allocated to countries.,2026-10-01
STP,São Tomé and Príncipe,outcomes,not_yet_researched,"Comparable country-level wages, hires and causal net employment outcomes have not been established in this collection round.",
STP,São Tomé and Príncipe,costs,price_evidence_available,ITU 2025 baskets checked. Current local device retail prices and verified payment checkout conditions remain uncollected.,2026-10-01
STP,São Tomé and Príncipe,compute,not_yet_researched,"This is a starter sample, not a facility census. GPU counts, current rental quotes and latency measurements remain gaps.",
SWZ,Eswatini,adoption,no_information_in_reviewed_sources,National business-adoption and usage-frequency measures remain uncollected. Pooled employee survey is not allocated to countries.,2026-10-01
SWZ,Eswatini,outcomes,not_yet_researched,"Comparable country-level wages, hires and causal net employment outcomes have not been established in this collection round.",
SWZ,Eswatini,costs,price_evidence_available,ITU 2025 baskets checked. Current local device retail prices and verified payment checkout conditions remain uncollected.,2026-10-01
SWZ,Eswatini,compute,not_yet_researched,"This is a starter sample, not a facility census. GPU counts, current rental quotes and latency measurements remain gaps.",
SYC,Seychelles,adoption,no_information_in_reviewed_sources,National business-adoption and usage-frequency measures remain uncollected. Pooled employee survey is not allocated to countries.,2026-10-01
SYC,Seychelles,outcomes,not_yet_researched,"Comparable country-level wages, hires and causal net employment outcomes have not been established in this collection round.",
SYC,Seychelles,costs,price_evidence_available,ITU 2025 baskets checked. Current local device retail prices and verified payment checkout conditions remain uncollected.,2026-10-01
SYC,Seychelles,compute,not_yet_researched,"This is a starter sample, not a facility census. GPU counts, current rental quotes and latency measurements remain gaps.",
TCD,Chad,adoption,estimate_only,National business-adoption and usage-frequency measures remain uncollected. Pooled employee survey is not allocated to countries.,2026-10-01
TCD,Chad,outcomes,not_yet_researched,"Comparable country-level wages, hires and causal net employment outcomes have not been established in this collection round.",
TCD,Chad,costs,price_evidence_available,ITU 2025 baskets checked. Current local device retail prices and verified payment checkout conditions remain uncollected.,2026-10-01
TCD,Chad,compute,not_yet_researched,"This is a starter sample, not a facility census. GPU counts, current rental quotes and latency measurements remain gaps.",
TGO,Togo,adoption,estimate_only,National business-adoption and usage-frequency measures remain uncollected. Pooled employee survey is not allocated to countries.,2026-10-01
TGO,Togo,outcomes,not_yet_researched,"Comparable country-level wages, hires and causal net employment outcomes have not been established in this collection round.",
TGO,Togo,costs,price_evidence_available,ITU 2025 baskets checked. Current local device retail prices and verified payment checkout conditions remain uncollected.,2026-10-01
TGO,Togo,compute,not_yet_researched,"This is a starter sample, not a facility census. GPU counts, current rental quotes and latency measurements remain gaps.",
TUN,Tunisia,adoption,estimate_only,National business-adoption and usage-frequency measures remain uncollected. Pooled employee survey is not allocated to countries.,2026-10-01
TUN,Tunisia,outcomes,not_yet_researched,"Comparable country-level wages, hires and causal net employment outcomes have not been established in this collection round.",
TUN,Tunisia,costs,price_evidence_available,ITU 2025 baskets checked. Current local device retail prices and verified payment checkout conditions remain uncollected.,2026-10-01
TUN,Tunisia,compute,not_yet_researched,"This is a starter sample, not a facility census. GPU counts, current rental quotes and latency measurements remain gaps.",
TZA,Tanzania,adoption,estimate_only,National business-adoption and usage-frequency measures remain uncollected. Pooled employee survey is not allocated to countries.,2026-10-01
TZA,Tanzania,outcomes,not_yet_researched,"Comparable country-level wages, hires and causal net employment outcomes have not been established in this collection round.",
TZA,Tanzania,costs,price_evidence_available,ITU 2025 baskets checked. Current local device retail prices and verified payment checkout conditions remain uncollected.,2026-10-01
TZA,Tanzania,compute,not_yet_researched,"This is a starter sample, not a facility census. GPU counts, current rental quotes and latency measurements remain gaps.",
UGA,Uganda,adoption,estimate_only,National business-adoption and usage-frequency measures remain uncollected. Pooled employee survey is not allocated to countries.,2026-10-01
UGA,Uganda,outcomes,not_yet_researched,"Comparable country-level wages, hires and causal net employment outcomes have not been established in this collection round.",
UGA,Uganda,costs,price_evidence_available,ITU 2025 baskets checked. Current local device retail prices and verified payment checkout conditions remain uncollected.,2026-10-01
UGA,Uganda,compute,not_yet_researched,"This is a starter sample, not a facility census. GPU counts, current rental quotes and latency measurements remain gaps.",
ZAF,South Africa,adoption,survey_available,National business-adoption and usage-frequency measures remain uncollected. Pooled employee survey is not allocated to countries.,2026-10-01
ZAF,South Africa,outcomes,vacancy_evidence_only,"Comparable country-level wages, hires and causal net employment outcomes have not been established in this collection round.",2026-10-01
ZAF,South Africa,costs,price_evidence_available,ITU 2025 baskets checked. Current local device retail prices and verified payment checkout conditions remain uncollected.,2026-10-01
ZAF,South Africa,compute,provider_evidence_available,"This is a starter sample, not a facility census. GPU counts, current rental quotes and latency measurements remain gaps.",2026-10-01
ZMB,Zambia,adoption,estimate_only,National business-adoption and usage-frequency measures remain uncollected. Pooled employee survey is not allocated to countries.,2026-10-01
ZMB,Zambia,outcomes,not_yet_researched,"Comparable country-level wages, hires and causal net employment outcomes have not been established in this collection round.",
ZMB,Zambia,costs,price_evidence_available,ITU 2025 baskets checked. Current local device retail prices and verified payment checkout conditions remain uncollected.,2026-10-01
ZMB,Zambia,compute,not_yet_researched,"This is a starter sample, not a facility census. GPU counts, current rental quotes and latency measurements remain gaps.",
ZWE,Zimbabwe,adoption,estimate_only,National business-adoption and usage-frequency measures remain uncollected. Pooled employee survey is not allocated to countries.,2026-10-01
ZWE,Zimbabwe,outcomes,not_yet_researched,"Comparable country-level wages, hires and causal net employment outcomes have not been established in this collection round.",
ZWE,Zimbabwe,costs,price_evidence_available,ITU 2025 baskets checked. Current local device retail prices and verified payment checkout conditions remain uncollected.,2026-10-01
ZWE,Zimbabwe,compute,not_yet_researched,"This is a starter sample, not a facility census. GPU counts, current rental quotes and latency measurements remain gaps.",
